,ProvinceId,CityId, Rank_1, Rank_2, Rank_3, Rank_4, Rank_5, Rank_6, Rank_7, Rank_8, Rank_9, Rank_10, Rank_11, Rank_12, Rank_13,city,city_en,city_sc,city_tc,province,province_en,province_sc,province_tc,ref_id
0,11,1,10,9,8,12,0,6,4,5,11,1,7,3,2,1,Dongcheng,ŠüÏŒÙ_,¾±ŒÙ_,11,Beijing,ŒÎÑŠ¼Â,ŒÎÑŠ¼Â,1011001
1,12,1,9,10,12,0,1,4,8,6,11,5,7,3,2,1,Heping District,ŒÕÎŒ__ŒÎ¼,ŒÕÎŒ__ŒÛ,12,Tianjin,Œ_©¾«´,Œ_©¾«´,1012001
2,13,1,10,9,8,4,12,0,6,11,1,5,7,3,2,1,Shijiazhuang,Ù_Œ¨¦Œ¼ã,Ù_Œ¨¦__,13,Hebei,¾__ŒÎÑ,¾__ŒÎÑ,1013001
3,14,1,10,0,8,9,12,1,4,5,7,11,6,3,2,1,Taiyuan,Œ_»Œ_Ù,Œ_»Œ_Ù,14,Shanxi,Œ±±´À,Œ±±´À,1014001
4,15,1,10,8,12,9,11,0,6,4,1,5,7,3,2,1,Hohhot,ŒÔ_ŒÕÎ¾µ©ä_,ŒÔ_ŒÕÎ¾µ©ä_,15,Inner Mongolia,Œ ÉÕªŒ_,ŒÉ¤ÕªŒ_,1015001
5,21,1,9,10,0,12,8,4,11,1,5,6,7,3,2,1,Shenyang,¾_ö÷_,ÛÜª_,21,Liaoning,__Œ¨,_Œø¤,1021001
6,22,1,10,9,0,4,8,12,11,1,6,5,7,3,2,1,Changchun,¥À¾÷´,¥á¾÷´,22,Jilin,Œä¾_Ñ,Œä¾_Ñ,1022001
7,23,1,10,9,8,0,12,6,11,4,1,5,7,3,2,1,Harbin,ŒÒöŒ¡Ó¾È¬,ŒÒöö_¾À±,23,Heilongjiang,ÈÔ_ª¾±Ù,ÈÔ_¾±Ù,1023001
8,31,1,9,10,8,4,0,6,1,7,11,12,5,3,2,1,Huangpu District,Èã¾µ_ŒÎ¼,ÈÄ¾µ_ŒÛ,31,Shanghai,Šü_¾µá,Šü_¾µá,1031001
9,32,1,10,9,8,4,0,12,1,11,5,6,7,3,2,1,Nanjing,ŒÑŠ¼Â,ŒÑŠ¼Â,32,Jiangsu,¾±ÙÜ,¾±Ù÷à,1032001
10,33,1,10,9,8,4,0,6,12,1,11,5,7,3,2,1,Hangzhou,¾_Œá_,¾_Œá_,33,Zhejiang,¾µª¾±Ù,¾µª¾±Ù,1033001
11,34,1,10,9,12,8,11,0,4,6,1,5,7,3,2,1,Hefei,Œöâ´,Œöâ´,34,Anhui,Œ¨äŒ__,Œ¨äŒ__,1034001
12,35,1,9,10,8,4,12,5,0,6,1,11,7,3,2,1,Fuzhou,_Œá_,_Œá_,35,Fujian,_ŒÈ¼,_ŒÈ¼,1035001
13,36,1,10,12,9,8,6,11,0,4,1,5,7,3,2,1,Nanchang,ŒÑ¾÷Î,ŒÑ¾÷Î,36,Jiangxi,¾±Ù´À,¾±Ù´À,1036001
14,37,1,10,12,9,8,4,11,0,6,1,5,7,3,2,1,Jinan,¾µ_ŒÑ,¾ÀÙŒÑ,37,Shandong,Œ±±ŠüÏ,Œ±±¾±,1037001
15,41,1,10,9,8,12,1,11,4,0,6,7,5,3,2,1,Zhengzhou,ÄÔŒá_,ã_Œá_,41,Henan,¾__ŒÑ,¾__ŒÑ,1041001
16,42,1,10,9,8,12,0,4,11,1,6,5,7,3,2,1,Wuhan,¾__¾±ä,¾__¾_¢,42,Hubei,¾_ĞŒÎÑ,¾_ĞŒÎÑ,1042001
17,43,1,10,9,12,4,0,8,6,1,11,5,7,3,2,1,Changsha,¥À¾_ª,¥á¾_ª,43,Hunan,¾_ĞŒÑ,¾_ĞŒÑ,1043001
18,44,1,10,9,8,0,4,12,6,1,11,7,5,3,2,1,Guangzhou,Œ_ÀŒá_,ŒÈ£Œá_,44,Guangdong,Œ_ÀŠüÏ,ŒÈ£¾±,1044001
19,45,1,10,9,12,4,6,8,0,11,1,5,7,3,2,1,Nanning,ŒÑŒ¨,ŒÑŒø¤,45,Guangxi,Œ_À´À,ŒÈ£´À,1045001
20,46,1,9,10,4,8,0,11,12,1,6,5,7,3,2,1,Haikou,¾µáŒ£,¾µáŒ£,46,Hainan,¾µáŒÑ,¾µáŒÑ,1046001
21,50,1,10,4,9,12,8,0,11,1,6,5,7,3,2,1,Wanzhou,ŠüàŒá_ŒÎ¼,ÂŒá_ŒÛ,50,Chongqing,àŒ¼ ,à¾É¦,1050001
22,51,1,10,9,8,4,0,12,6,1,11,5,7,3,2,1,Chengdu,¾öÄ_,¾öÄ_,51,Sichuan,ŒİİŒá,ŒİİŒá,1051001
23,52,1,10,12,9,8,0,1,4,6,11,5,7,3,2,1,Guiyang,«µ÷_,_«ª_,52,Guizhou,«µŒá_,_«Œá_,1052001
24,53,1,9,10,12,4,8,0,11,1,6,5,7,3,2,1,Kunming,¾÷ ¾÷_,¾÷ ¾÷_,53,Yunnan,Š¼ÔŒÑ,İ_ŒÑ,1053001
25,54,1,9,0,11,10,8,4,12,1,6,5,7,3,2,1,Lhasa,¾Üä¬,¾ÜäĞ©,54,Tibet,´ÀÑ,´ÀÑ,1054001
26,61,1,10,9,8,12,11,0,6,4,1,5,7,3,2,1,Xi'an,´ÀŒ¨ä,´ÀŒ¨ä,61,Shaanxi,ª¥´À,ª´À,1061001
27,62,1,10,12,9,1,5,6,8,11,0,4,7,3,2,1,Lanzhou,ŒÉ¡Œá_Œüâ,÷_Œá_Œüâ,62,Gansu,Ó÷âÄ,Ó÷âÉ,1062001
28,63,1,10,4,9,8,0,11,12,1,6,5,7,3,2,1,Xining,´ÀŒ¨,´ÀŒø¤,63,Qinghai,Õ¾µá,Õ¾µá,1063001
29,64,1,10,9,6,8,0,4,11,12,1,5,7,3,2,1,Yinchuan,Ò¦Œá,_ÛŒá,64,Ningxia,Œ¨Œ_,Œø¤Œ_,1064001
30,65,1,10,0,8,9,12,4,11,1,6,5,7,3,2,1,Urumqi,Š_Î_¾Ï¬_,Ä_ø¾Ï¬__,65,Xinjiang,¾Ğ¡Ğ ,¾Ğ¡Ğ ,1065001
31,71,1,9,10,8,0,4,11,12,1,6,5,7,3,2,1,Taipei,Œ¡ŒÎÑŒüâ,Œ¡ŒÎÑŒüâ,71,Taiwan,Œ¡¾__,Œ¡£,1071001
32,11,2,9,10,8,0,12,11,4,1,6,5,7,3,2,2,Xicheng,´ÀŒÙ_,´ÀŒÙ_,11,Beijing,ŒÎÑŠ¼Â,ŒÎÑŠ¼Â,1011002
33,12,2,10,4,6,5,8,12,9,0,11,1,7,3,2,2,Hedong,¾__ŠüÏŒÎ¼,¾__¾±ŒÛ,12,Tianjin,Œ_©¾«´,Œ_©¾«´,1012002
34,13,2,10,9,8,12,0,4,11,1,6,5,7,3,2,2,Tangshan,ŒÓŒ±±,ŒÓŒ±±,13,Hebei,¾__ŒÎÑ,¾__ŒÎÑ,1013002
35,14,2,10,9,8,0,4,11,12,1,6,5,7,3,2,2,Datong,Œ_¤ŒÎ,Œ_¤ŒÎ,14,Shanxi,Œ±±´À,Œ±±´À,1014002
36,15,2,9,10,11,8,0,4,12,1,6,5,7,3,2,2,Baotou,ŒÎÉŒ_«,ŒÎÉÊ_,15,Inner Mongolia,Œ ÉÕªŒ_,ŒÉ¤ÕªŒ_,1015002
37,21,2,10,9,0,4,8,6,12,1,5,11,7,3,2,2,Dalian,Œ_¤À_,Œ_¤Û£,21,Liaoning,__Œ¨,_Œø¤,1021002
38,22,2,10,9,8,4,12,0,11,1,6,5,7,3,2,2,Jilin,Œä¾_Ñ,Œä¾_Ñ,22,Jilin,Œä¾_Ñ,Œä¾_Ñ,1022002
39,23,2,9,10,12,8,0,4,11,1,6,5,7,3,2,2,Qiqihar,__ŒÒöŒ¡Ó,____ŒÒöö_,23,Heilongjiang,ÈÔ_ª¾±Ù,ÈÔ_¾±Ù,1023002
40,32,2,10,9,4,8,12,0,1,6,11,5,7,3,2,2,Wuxi,¾ÑÊÓÁ,ãÁÎÇ,32,Jiangsu,¾±ÙÜ,¾±Ù÷à,1032002
41,33,2,10,9,0,8,4,12,1,5,6,7,11,3,2,2,Ningbo,Œ¨¾_¢,Œø¤¾_¢,33,Zhejiang,¾µª¾±Ù,¾µª¾±Ù,1033002
42,34,2,10,0,1,4,9,8,11,12,6,5,7,3,2,2,Wuhu,_Ï¾_Ğ,¥»¾_Ğ,34,Anhui,Œ¨äŒ__,Œ¨äŒ__,1034002
43,35,2,10,9,8,7,12,11,0,6,1,4,5,3,2,2,Xiamen,Œ__Ñ¬,ŒÈöĞÛ,35,Fujian,_ŒÈ¼,_ŒÈ¼,1035002
44,36,2,10,9,8,0,4,11,12,1,6,5,7,3,2,2,Jingdezhen,¾ªøŒ_á¥à,¾ªøŒ_á_¨,36,Jiangxi,¾±Ù´À,¾±Ù´À,1036002
45,37,2,10,8,9,4,12,11,6,1,0,5,7,3,2,2,Qingdao,ÕŒ_İ,ÕŒ_¦,37,Shandong,Œ±±ŠüÏ,Œ±±¾±,1037002
46,41,2,10,0,4,12,8,9,11,1,6,5,7,3,2,2,Kaifeng,Œ_ÛŒ¡,ĞÜŒ¡,41,Henan,¾__ŒÑ,¾__ŒÑ,1041002
47,42,2,10,12,8,9,0,4,11,1,6,5,7,3,2,2,Yellowstone,ÈãÙ_,ÈÄÙ_,42,Hubei,¾_ĞŒÎÑ,¾_ĞŒÎÑ,1042002
48,43,2,9,10,8,0,4,11,12,1,6,5,7,3,2,2,Zhuzhou,¾Ê»¾«_,¾Ê»¾«_,43,Hunan,¾_ĞŒÑ,¾_ĞŒÑ,1043002
49,44,2,10,8,9,0,4,11,12,1,6,5,7,3,2,2,Shaoguan,Ù¦ŒÉ_,Ù¦ÑÏ,44,Guangdong,Œ_ÀŠüÏ,ŒÈ£¾±,1044002
50,46,2,9,10,8,4,12,0,11,1,6,5,7,3,2,2,Sanya,ŠüäŠ¼_,ŠüäŠ¼_,46,Hainan,¾µáŒÑ,¾µáŒÑ,1046002
51,50,2,10,11,8,9,0,4,12,1,6,5,7,3,2,2,Fuling District,¾¦»ªµŒÎ¼,¾¦»ªµŒÛ,50,Chongqing,àŒ¼ ,à¾É¦,1050002
52,52,2,10,8,9,0,4,11,12,1,6,5,7,3,2,2,Liupanshui,ŒÉ_İ÷¾¡«,ŒÉ_İ_¾¡«,52,Guizhou,«µŒá_,_«Œá_,1052002
53,61,2,10,8,9,0,4,11,12,1,6,5,7,3,2,2,Tongchuan,ÒÏŒá,_ÉŒá,61,Shaanxi,ª¥´À,ª´À,1061002
54,62,2,10,8,9,0,4,11,12,1,6,5,7,3,2,2,Jiayuguan,Œ÷äŒ_»ŒÉ_,Œ÷äŒ_»ÑÏ,62,Gansu,Ó÷âÄ,Ó÷âÉ,1062002
55,64,2,9,10,8,0,4,11,12,1,6,5,7,3,2,2,Shizuishan,Ù_Œ÷«Œ±±,Ù_Œ÷«Œ±±,64,Ningxia,Œ¨Œ_,Œø¤Œ_,1064002
56,65,2,10,0,9,8,4,11,12,1,6,5,7,3,2,2,Karamay,ŒÉÜ¾Üä_İŠ_,ŒÉÜ¾ÜäÔ»Š_,65,Xinjiang,¾Ğ¡Ğ ,¾Ğ¡Ğ ,1065002
57,71,2,10,8,9,0,4,11,12,1,6,5,7,3,2,2,Kaohsiung,Ç÷İãŒüâ,Ç÷İãŒüâ,71,Taiwan,Œ¡¾__,Œ¡£,1071002
58,81,2,6,8,9,5,10,12,0,11,4,1,7,3,2,2,Central and Western,Šü_´ÀŒÎ¼,Šü_´ÀŒÛ,81,Hong Kong,_ª¾üø,_ª¾üø,1081002
59,82,2,9,10,8,0,4,11,12,1,6,5,7,3,2,2,Fatima Parish,_±ŒÏ¡_İŒÊâŒÎ¼,_±ŒÏ¡Ô»ŒÊâŒÛ,82,Macau,¾__Ñ¬,¾__ĞÛ,1082002
60,11,3,10,9,8,0,4,11,12,1,6,5,7,3,2,3,Chongwen,Œ«à¾Ğà,Œ«à¾Ğà,11,Beijing,ŒÎÑŠ¼Â,ŒÎÑŠ¼Â,1011003
61,12,3,10,9,12,8,0,4,11,1,6,5,7,3,2,3,Hexi District,¾__´ÀŒÎ¼,¾__´ÀŒÛ,12,Tianjin,Œ_©¾«´,Œ_©¾«´,1012003
62,13,3,9,10,8,12,0,4,11,1,6,5,7,3,2,3,Qinhuangdao,¤__àŒ_İ,¤__àŒ_¦,13,Hebei,¾__ŒÎÑ,¾__ŒÎÑ,1013003
63,14,3,10,9,8,0,4,11,12,1,6,5,7,3,2,3,Yangquan,÷_¾_ä,ª_¾_ä,14,Shanxi,Œ±±´À,Œ±±´À,1014003
64,15,3,10,8,9,0,4,11,12,1,6,5,7,3,2,3,Wuhai,Š_Î¾µá,Ä¾µá,15,Inner Mongolia,Œ ÉÕªŒ_,ŒÉ¤ÕªŒ_,1015003
65,21,3,10,0,9,12,5,6,8,4,11,1,7,3,2,3,Anshan,_Œ±±,_Œ±±,21,Liaoning,__Œ¨,_Œø¤,1021003
66,22,3,9,10,12,8,0,4,11,1,6,5,7,3,2,3,Siping,ŒİİŒ__,ŒİİŒ__,22,Jilin,Œä¾_Ñ,Œä¾_Ñ,1022003
67,23,3,8,9,10,0,4,11,12,1,6,5,7,3,2,3,Jixi,üÁ´À,İ_´À,23,Heilongjiang,ÈÔ_ª¾±Ù,ÈÔ_¾±Ù,1023003
68,31,3,9,4,0,10,5,6,12,8,11,1,7,3,2,3,Luwan District,Œ¢¾__ŒÎ¼,İ¤£ŒÛ,31,Shanghai,Šü_¾µá,Šü_¾µá,1031003
69,32,3,10,9,8,0,4,12,11,1,6,5,7,3,2,3,Xuzhou,Œ_Œá_,Œ_Œá_,32,Jiangsu,¾±ÙÜ,¾±Ù÷à,1032003
70,33,3,10,9,0,8,1,4,6,11,12,5,7,3,2,3,Wenzhou,¾ü©Œá_,¾¼ÇŒá_,33,Zhejiang,¾µª¾±Ù,¾µª¾±Ù,1033003
71,34,3,10,9,8,0,4,11,12,1,6,5,7,3,2,3,Bengbu,_ÎŒÙÊ,_ÎŒÙÊ,34,Anhui,Œ¨äŒ__,Œ¨äŒ__,1034003
72,35,3,9,10,8,11,0,4,12,1,6,5,7,3,2,3,Putian,_ Ó¡,_ Ó¡,35,Fujian,_ŒÈ¼,_ŒÈ¼,1035003
73,36,3,9,10,8,0,4,11,12,1,6,5,7,3,2,3,Pingxiang,Š_Á,ãä,36,Jiangxi,¾±Ù´À,¾±Ù´À,1036003
74,37,3,10,9,8,0,12,4,11,1,6,5,7,3,2,3,Zibo,¾áãŒ_,¾áãŒ_,37,Shandong,Œ±±ŠüÏ,Œ±±¾±,1037003
75,41,3,10,9,8,12,0,4,6,11,1,5,7,3,2,3,Luoyang,¾«İ÷_,¾«İª_,41,Henan,¾__ŒÑ,¾__ŒÑ,1041003
76,42,3,9,10,12,8,11,0,4,1,6,5,7,3,2,3,Shiyan,ŒŒÊ¡,ŒŒÊ¡,42,Hubei,¾_ĞŒÎÑ,¾_ĞŒÎÑ,1042003
77,43,3,10,9,8,0,4,11,12,1,6,5,7,3,2,3,Xiangtan,¾_÷¾__,¾_÷¾__,43,Hunan,¾_ĞŒÑ,¾_ĞŒÑ,1043003
78,44,3,9,10,8,0,6,4,12,1,11,7,5,3,2,3,Shenzhen,¾á±ŒÏ_,¾á±ŒÏ_,44,Guangdong,Œ_ÀŠüÏ,ŒÈ£¾±,1044003
79,45,3,10,9,11,4,12,8,0,1,6,5,7,3,2,3,Guilin,¾Áâ¾_Ñ,¾Áâ¾_Ñ,45,Guangxi,Œ_À´À,ŒÈ£´À,1045003
80,50,3,10,8,12,0,4,5,9,11,1,6,7,3,2,3,Yuzhong,¾üŠü_ŒÎ¼,¾üŠü_ŒÛ,50,Chongqing,àŒ¼ ,à¾É¦,1050003
81,51,3,10,11,8,9,0,4,12,1,6,5,7,3,2,3,Zigong,à»«Á,à»_¢,51,Sichuan,ŒİİŒá,ŒİİŒá,1051003
82,52,3,10,9,8,12,0,4,11,1,6,5,7,3,2,3,Zunyi,µŠ_ä,µ_©,52,Guizhou,«µŒá_,_«Œá_,1052003
83,53,3,10,9,12,8,0,4,11,1,6,5,7,3,2,3,Qujing,¾İ_Ğ,¾İ_Ğ,53,Yunnan,Š¼ÔŒÑ,İ_ŒÑ,1053003
84,61,3,10,8,12,9,0,4,11,1,6,5,7,3,2,3,Baoji,Œ¨üÁ,Œø¦İ_,61,Shaanxi,ª¥´À,ª´À,1061003
85,64,3,0,10,8,9,4,11,12,1,6,5,7,3,2,3,Wu Zhong,Œ«ŒÀÊ,Œ_ŒÀÊ,64,Ningxia,Œ¨Œ_,Œø¤Œ_,1064003
86,82,3,0,10,8,9,4,11,12,1,6,5,7,3,2,3,St.Anthony Parish,ŒÏ£Œ¨äŒ__Œ¡_ŒÊâŒÎ¼,ĞŒ¨äŒ__Œ¡_ŒÊâŒÛ,82,Macau,¾__Ñ¬,¾__ĞÛ,1082003
87,11,4,9,10,8,0,4,11,12,1,6,5,7,3,2,4,Xuanwu,Œ¨£¾__,Œ¨£¾__,11,Beijing,ŒÎÑŠ¼Â,ŒÎÑŠ¼Â,1011004
88,12,4,10,4,8,12,0,9,11,1,6,5,7,3,2,4,Nankai District,ŒÑŒ_ÛŒÎ¼,ŒÑĞÜŒÛ,12,Tianjin,Œ_©¾«´,Œ_©¾«´,1012004
89,13,4,10,9,0,4,5,8,11,12,1,6,7,3,2,4,Handan,âøÄü,âøã_,13,Hebei,¾__ŒÎÑ,¾__ŒÎÑ,1013004
90,14,4,10,4,8,9,12,0,11,1,6,5,7,3,2,4,Changzhi,¥À¾_È,¥á¾_È,14,Shanxi,Œ±±´À,Œ±±´À,1014004
91,15,4,10,9,8,0,4,11,12,1,6,5,7,3,2,4,Chifeng,µ_Œ_¡,µ_Œ_¡,15,Inner Mongolia,Œ ÉÕªŒ_,ŒÉ¤ÕªŒ_,1015004
92,21,4,10,9,8,12,4,0,11,1,6,5,7,3,2,4,Fushun,¾__Á¼,¾ÕÇÊ ,21,Liaoning,__Œ¨,_Œø¤,1021004
93,22,4,9,10,8,0,4,11,12,1,6,5,7,3,2,4,Liaoyuan,__¾¼,_¾¼,22,Jilin,Œä¾_Ñ,Œä¾_Ñ,1022004
94,23,4,9,10,8,0,4,11,12,1,6,5,7,3,2,4,Hegang,__Œ_Ñ,¦«Œ«Ñ,23,Heilongjiang,ÈÔ_ª¾±Ù,ÈÔ_¾±Ù,1023004
95,31,4,10,9,4,8,0,6,11,12,1,5,7,3,2,4,Xuhui District,Œ_¾±àŒÎ¼,Œ_ŒÎøŒÛ,31,Shanghai,Šü_¾µá,Šü_¾µá,1031004
96,32,4,9,10,4,6,0,8,11,12,1,5,7,3,2,4,Changzhou,ŒüüŒá_,ŒüüŒá_,32,Jiangsu,¾±ÙÜ,¾±Ù÷à,1032004
97,33,4,10,9,0,4,12,6,8,11,1,5,7,3,2,4,Jiaxing,Œ÷äŒÉ«,Œ÷äöö,33,Zhejiang,¾µª¾±Ù,¾µª¾±Ù,1033004
98,34,4,10,12,9,4,8,0,11,1,6,5,7,3,2,4,Huainan,¾á¨ŒÑ,¾á¨ŒÑ,34,Anhui,Œ¨äŒ__,Œ¨äŒ__,1034004
99,35,4,10,12,8,9,0,4,11,1,6,5,7,3,2,4,Sanming,Šüä¾÷_,Šüä¾÷_,35,Fujian,_ŒÈ¼,_ŒÈ¼,1035004
100,36,4,9,10,8,11,12,0,4,1,6,5,7,3,2,4,Jiujiang,Š_¾±Ù,Š_¾±Ù,36,Jiangxi,¾±Ù´À,¾±Ù´À,1036004
101,37,4,10,9,8,0,4,11,12,1,6,5,7,3,2,4,Zaozhuang,¾_£Œ¼ã,¾£Ñ__,37,Shandong,Œ±±ŠüÏ,Œ±±¾±,1037004
102,41,4,10,1,4,8,9,12,0,11,6,5,7,3,2,4,Pingdingshan,Œ__Á¦Œ±±,Œ__ÊâŒ±±,41,Henan,¾__ŒÑ,¾__ŒÑ,1041004
103,43,4,10,9,6,8,0,4,11,12,1,5,7,3,2,4,Hengyang,ÁÁ÷_,ÁÁª_,43,Hunan,¾_ĞŒÑ,¾_ĞŒÑ,1043004
104,44,4,10,8,9,0,4,12,11,1,6,5,7,3,2,4,Zhuhai,Ê¾µá,Ê¾µá,44,Guangdong,Œ_ÀŠüÏ,ŒÈ£¾±,1044004
105,45,4,4,8,10,9,0,11,12,1,6,5,7,3,2,4,Wuzhou,¾¢¤Œá_,¾¢¤Œá_,45,Guangxi,Œ_À´À,ŒÈ£´À,1045004
106,50,4,10,0,6,8,9,4,11,12,1,5,7,3,2,4,Dadukou,Œ_¤¾üÁŒ£ŒÎ¼,Œ_¤¾üÁŒ£ŒÛ,50,Chongqing,àŒ¼ ,à¾É¦,1050004
107,51,4,10,8,9,0,4,11,12,1,6,5,7,3,2,4,Panzhihua,¾ÓÛ¾__±,¾ÓÛ¾__±,51,Sichuan,ŒİİŒá,ŒİİŒá,1051004
108,52,4,10,8,9,0,4,11,12,1,6,5,7,3,2,4,Anshun,Œ¨äÁ¼,Œ¨äÊ ,52,Guizhou,«µŒá_,_«Œá_,1052004
109,53,4,9,10,8,0,4,11,12,1,6,5,7,3,2,4,Yuxi,_ä¾¼»,_ä¾¼»,53,Yunnan,Š¼ÔŒÑ,İ_ŒÑ,1053004
110,61,4,10,9,4,8,0,11,12,1,6,5,7,3,2,4,Xianyang,ŒÕü÷_,ŒÕüª_,61,Shaanxi,ª¥´À,ª´À,1061004
111,81,4,9,10,8,0,4,11,12,1,6,5,7,3,2,4,Kowloon City District,Š__ªŒÙ_ŒÎ¼,Š__ŒÙ_ŒÛ,81,Hong Kong,_ª¾üø,_ª¾üø,1081004
112,82,4,10,8,9,0,4,11,12,1,6,5,7,3,2,4,Lobby area,Œ_¤ŒÊâŒÎ¼,Œ_¤ŒÊâŒÛ,82,Macau,¾__Ñ¬,¾__ĞÛ,1082004
113,11,5,9,10,8,0,4,6,12,5,1,11,7,3,2,5,Chaoyang,¾Ï÷_,¾Ïª_,11,Beijing,ŒÎÑŠ¼Â,ŒÎÑŠ¼Â,1011005
114,12,5,9,10,11,0,8,4,12,1,6,5,7,3,2,5,Hebei District,¾__ŒÎÑŒÎ¼,¾__ŒÎÑŒÛ,12,Tianjin,Œ_©¾«´,Œ_©¾«´,1012005
115,13,5,10,12,8,9,0,4,11,1,6,5,7,3,2,5,Xingtai,â¢Œ¡,â¢Œ¡,13,Hebei,¾__ŒÎÑ,¾__ŒÎÑ,1013005
116,14,5,8,9,10,6,11,12,0,4,1,5,7,3,2,5,Jincheng,¾ªÜŒÙ_,¾ªäŒÙ_,14,Shanxi,Œ±±´À,Œ±±´À,1014005
117,15,5,10,9,11,8,0,4,12,1,6,5,7,3,2,5,Tongliao,Û___,Û__,15,Inner Mongolia,Œ ÉÕªŒ_,ŒÉ¤ÕªŒ_,1015005
118,21,5,10,5,8,9,0,4,11,12,1,6,7,3,2,5,Benxi,¾ÏÂ¾¼»,¾ÏÂ¾¼»,21,Liaoning,__Œ¨,_Œø¤,1021005
119,22,5,9,10,8,0,4,11,12,1,6,5,7,3,2,5,Tonghua,Û_ŒÎĞ,Û_ŒÎĞ,22,Jilin,Œä¾_Ñ,Œä¾_Ñ,1022005
120,23,5,12,4,10,8,9,0,11,1,6,5,7,3,2,5,Shuangyashan,ŒÎü_Œ±±,İª«¬Œ±±,23,Heilongjiang,ÈÔ_ª¾±Ù,ÈÔ_¾±Ù,1023005
121,31,5,9,10,8,4,5,0,6,12,11,1,7,3,2,5,Changning District,¥ÀŒ¨ŒÎ¼,¥áŒø¤ŒÛ,31,Shanghai,Šü_¾µá,Šü_¾µá,1031005
122,32,5,9,10,8,0,4,12,6,11,1,5,7,3,2,5,Suzhou,ÜŒá_,÷àŒá_,32,Jiangsu,¾±ÙÜ,¾±Ù÷à,1032005
123,33,5,10,4,8,9,0,11,12,1,6,5,7,3,2,5,Huzhou,¾_ĞŒá_,¾_ĞŒá_,33,Zhejiang,¾µª¾±Ù,¾µª¾±Ù,1033005
124,34,5,10,12,8,9,0,4,11,1,6,5,7,3,2,5,Ma On Shan,©Â_Œ±±,_Â_Œ±±,34,Anhui,Œ¨äŒ__,Œ¨äŒ__,1034005
125,35,5,10,8,9,12,4,11,0,6,1,5,7,3,2,5,Quanzhou,¾_äŒá_,¾_äŒá_,35,Fujian,_ŒÈ¼,_ŒÈ¼,1035005
126,36,5,10,9,8,0,4,11,12,1,6,5,7,3,2,5,Xinyu,¾Ğ¡Š_ª,¾Ğ¡Š_ª,36,Jiangxi,¾±Ù´À,¾±Ù´À,1036005
127,37,5,10,4,8,9,1,0,11,12,6,5,7,3,2,5,Dongying,ŠüÏ´,¾±àÙ,37,Shandong,Œ±±ŠüÏ,Œ±±¾±,1037005
128,41,5,10,9,8,0,4,11,12,1,6,5,7,3,2,5,Anyang,Œ¨ä÷_,Œ¨äª_,41,Henan,¾__ŒÑ,¾__ŒÑ,1041005
129,42,5,10,9,8,0,4,11,12,1,6,5,7,3,2,5,Yichang,Œ¨Ï¾÷Î,Œ¨Ï¾÷Î,42,Hubei,¾_ĞŒÎÑ,¾_ĞŒÎÑ,1042005
130,43,5,10,8,9,0,4,11,12,1,6,5,7,3,2,5,Shaoyang,âµ÷_,âµª_,43,Hunan,¾_ĞŒÑ,¾_ĞŒÑ,1043005
131,44,5,10,8,9,4,0,11,12,1,6,5,7,3,2,5,Shantou,¾±¥Œ_«,¾±¥Ê_,44,Guangdong,Œ_ÀŠüÏ,ŒÈ£¾±,1044005
132,45,5,10,9,12,8,0,4,11,1,6,5,7,3,2,5,North Sea,ŒÎÑ¾µá,ŒÎÑ¾µá,45,Guangxi,Œ_À´À,ŒÈ£´À,1045005
133,50,5,9,10,8,0,4,11,12,1,6,5,7,3,2,5,Jiangbei District,¾±ÙŒÎÑŒÎ¼,¾±ÙŒÎÑŒÛ,50,Chongqing,àŒ¼ ,à¾É¦,1050005
134,51,5,9,12,10,8,0,4,11,1,6,5,7,3,2,5,Luzhou,¾_üŒá_,Û÷Œá_,51,Sichuan,ŒİİŒá,ŒİİŒá,1051005
135,53,5,9,10,8,0,4,11,12,1,6,5,7,3,2,5,Baoshan,ŠÀŒ±±,ŠÀŒ±±,53,Yunnan,Š¼ÔŒÑ,İ_ŒÑ,1053005
136,61,5,9,10,1,12,8,0,4,11,6,5,7,3,2,5,Weinan,¾ü_ŒÑ,¾ü_ŒÑ,61,Shaanxi,ª¥´À,ª´À,1061005
137,62,5,9,10,8,0,4,11,12,1,6,5,7,3,2,5,Tianshui,Œ_©¾¡«,Œ_©¾¡«,62,Gansu,Ó÷âÄ,Ó÷âÉ,1062005
138,64,5,8,10,9,0,4,11,12,1,6,5,7,3,2,5,Zhongwei,Šü_ŒÇ,Šü_Áİ,64,Ningxia,Œ¨Œ_,Œø¤Œ_,1064005
139,11,6,9,10,11,12,0,8,1,4,6,5,7,3,2,6,Fengtai,Šü¡Œ¡,Šü¡Œ¡,11,Beijing,ŒÎÑŠ¼Â,ŒÎÑŠ¼Â,1011006
140,12,6,9,10,1,8,0,4,11,12,6,5,7,3,2,6,Hongqiao District,¼¢¾Á´ŒÎ¼,«É¾©ÜŒÛ,12,Tianjin,Œ_©¾«´,Œ_©¾«´,1012006
141,13,6,10,9,12,11,4,8,0,1,6,5,7,3,2,6,Baoding,ŠÀŒ¨_,ŠÀŒ¨_,13,Hebei,¾__ŒÎÑ,¾__ŒÎÑ,1013006
142,14,6,9,10,8,0,4,11,12,1,6,5,7,3,2,6,Shuozhou,¾ÏÓŒá_,¾ÏÓŒá_,14,Shanxi,Œ±±´À,Œ±±´À,1014006
143,15,6,10,12,8,9,0,4,11,1,6,5,7,3,2,6,Erdos,ãâŒ¡ÓŒ__¾Ğø,ãâö_Œ__¾Ğø,15,Inner Mongolia,Œ ÉÕªŒ_,ŒÉ¤ÕªŒ_,1015006
144,21,6,9,12,10,8,0,4,11,1,6,5,7,3,2,6,Dandong,Šü_ŠüÏ,Šü_¾±,21,Liaoning,__Œ¨,_Œø¤,1021006
145,22,6,10,8,9,0,4,11,12,1,6,5,7,3,2,6,Hakusan,ª_Œ±±,ª_Œ±±,22,Jilin,Œä¾_Ñ,Œä¾_Ñ,1022006
146,23,6,10,1,9,12,8,0,4,11,6,5,7,3,2,6,Daqing,Œ_¤Œ¼ ,Œ_¤¾É¦,23,Heilongjiang,ÈÔ_ª¾±Ù,ÈÔ_¾±Ù,1023006
147,31,6,9,0,8,6,10,12,1,4,11,5,7,3,2,6,Jing'an District,ªŒ¨äŒÎ¼,ÏŒ¨äŒÛ,31,Shanghai,Šü_¾µá,Šü_¾µá,1031006
148,32,6,10,9,1,4,12,8,0,11,6,5,7,3,2,6,Nantong,ŒÑÛ_,ŒÑÛ_,32,Jiangsu,¾±ÙÜ,¾±Ù÷à,1032006
149,33,6,10,9,0,4,8,6,11,12,1,5,7,3,2,6,Shaoxing,ÈŒÉ«,«_öö,33,Zhejiang,¾µª¾±Ù,¾µª¾±Ù,1033006
150,34,6,10,8,9,0,4,11,12,1,6,5,7,3,2,6,Huaibei,¾á¨ŒÎÑ,¾á¨ŒÎÑ,34,Anhui,Œ¨äŒ__,Œ¨äŒ__,1034006
151,35,6,10,0,4,5,8,9,11,12,1,6,7,3,2,6,Zhangzhou,¾__Œá_,¾__Œá_,35,Fujian,_ŒÈ¼,_ŒÈ¼,1035006
152,36,6,10,8,9,0,4,11,12,1,6,5,7,3,2,6,Yingtan,_¡¾__,á_¾__,36,Jiangxi,¾±Ù´À,¾±Ù´À,1036006
153,37,6,9,10,8,4,6,11,12,0,1,5,7,3,2,6,Yantai,ÄÙŒ¡,ÉªŒ¡,37,Shandong,Œ±±ŠüÏ,Œ±±¾±,1037006
154,41,6,10,4,8,9,0,11,12,1,6,5,7,3,2,6,Hebi,__Œ£,¦«Œ£,41,Henan,¾__ŒÑ,¾__ŒÑ,1041006
155,42,6,10,12,8,9,0,4,11,1,6,5,7,3,2,6,Xiangyang,´ã÷_,´ãª_,42,Hubei,¾_ĞŒÎÑ,¾_ĞŒÎÑ,1042006
156,43,6,10,0,8,12,9,11,4,1,6,5,7,3,2,6,Yueyang,Œ__÷_,Œ__ª_,43,Hunan,¾_ĞŒÑ,¾_ĞŒÑ,1043006
157,44,6,10,9,0,8,4,12,6,7,1,11,5,3,2,6,Foshan,Š_İŒ±±,Š_İŒ±±,44,Guangdong,Œ_ÀŠüÏ,ŒÈ£¾±,1044006
158,45,6,9,10,8,0,4,11,12,1,6,5,7,3,2,6,Fangchenggang,÷_ŒÙ_¾üø,÷_ŒÙ_¾üø,45,Guangxi,Œ_À´À,ŒÈ£´À,1045006
159,50,6,10,9,11,4,0,8,12,1,6,5,7,3,2,6,Shapingba,¾_ªŒ»ŒŒÎ¼,¾_ªŒ»Œ£©ŒÛ,50,Chongqing,àŒ¼ ,à¾É¦,1050006
160,51,6,10,9,8,0,4,11,12,1,6,5,7,3,2,6,Deyang,Œ_á÷_,Œ_áª_,51,Sichuan,ŒİİŒá,ŒİİŒá,1051006
161,53,6,10,9,8,0,4,11,12,1,6,5,7,3,2,6,Zhaotong,¾÷_Û_,¾÷_Û_,53,Yunnan,Š¼ÔŒÑ,İ_ŒÑ,1053006
162,61,6,6,10,8,9,0,4,11,12,1,5,7,3,2,6,Yan'an,ŒÈ¦Œ¨ä,ŒÈ¦Œ¨ä,61,Shaanxi,ª¥´À,ª´À,1061006
163,62,6,9,10,11,12,8,0,4,1,6,5,7,3,2,6,Wuwei,¾__Œ¬,¾__Œ¬,62,Gansu,Ó÷âÄ,Ó÷âÉ,1062006
164,82,6,0,10,8,9,4,11,12,1,6,5,7,3,2,6,St.Lawrence Parish,£_Á¼ŒÊâŒÎ¼,¢¬Ê ŒÊâŒÛ,82,Macau,¾__Ñ¬,¾__ĞÛ,1082006
165,11,7,10,4,6,8,0,7,9,11,12,1,5,3,2,7,Shijingshan,Ù_¾ªøŒ±±,Ù_¾ªøŒ±±,11,Beijing,ŒÎÑŠ¼Â,ŒÎÑŠ¼Â,1011007
166,12,7,10,8,4,9,0,11,12,1,6,5,7,3,2,7,Tanggu District,ŒÁ÷¾__ŒÎ¼,ŒÁ÷¾__ŒÛ,12,Tianjin,Œ_©¾«´,Œ_©¾«´,1012007
167,13,7,10,9,8,4,12,0,11,1,6,5,7,3,2,7,Zhangjiakou,Œ_ÊŒ¨¦Œ£,Œ_µŒ¨¦Œ£,13,Hebei,¾__ŒÎÑ,¾__ŒÎÑ,1013007
168,14,7,10,12,8,9,0,4,11,1,6,5,7,3,2,7,Jinzhong,¾ªÜŠü_,¾ªäŠü_,14,Shanxi,Œ±±´À,Œ±±´À,1014007
169,15,7,10,12,8,9,0,4,11,1,6,5,7,3,2,7,Hulunbeier,ŒÔ_Š__«Œ¡Ó,ŒÔ_ŒÛÇ_ö_,15,Inner Mongolia,Œ ÉÕªŒ_,ŒÉ¤ÕªŒ_,1015007
170,21,7,10,9,4,8,0,11,12,1,6,5,7,3,2,7,Jinzhou,Ó_Œá_,Î_Œá_,21,Liaoning,__Œ¨,_Œø¤,1021007
171,22,7,8,9,10,0,4,11,12,1,6,5,7,3,2,7,Matsubara,¾_Œ_Ù,¾_Œ_Ù,22,Jilin,Œä¾_Ñ,Œä¾_Ñ,1022007
172,23,7,10,8,9,0,4,11,12,1,6,5,7,3,2,7,Yichun,Š__¾÷´,Š__¾÷´,23,Heilongjiang,ÈÔ_ª¾±Ù,ÈÔ_¾±Ù,1023007
173,31,7,10,9,4,8,0,11,12,1,6,5,7,3,2,7,Putuo District,¾ª¨ªÛŒÎ¼,¾ª¨ªÛŒÛ,31,Shanghai,Šü_¾µá,Šü_¾µá,1031007
174,32,7,10,9,8,0,4,11,12,1,6,5,7,3,2,7,Lianyungang,À_Š¼Ô¾üø,Û£İ_¾üø,32,Jiangsu,¾±ÙÜ,¾±Ù÷à,1032007
175,33,7,8,10,9,0,6,12,4,11,1,5,7,3,2,7,Jinhua,àÔŒ_,àÔø,33,Zhejiang,¾µª¾±Ù,¾µª¾±Ù,1033007
176,34,7,9,10,8,0,4,11,12,1,6,5,7,3,2,7,Tongling,ÒÏªµ,_Éªµ,34,Anhui,Œ¨äŒ__,Œ¨äŒ__,1034007
177,35,7,10,12,4,5,9,8,0,11,1,6,7,3,2,7,Nanping,ŒÑŒ__,ŒÑŒ__,35,Fujian,_ŒÈ¼,_ŒÈ¼,1035007
178,36,7,11,10,8,9,0,4,12,1,6,5,7,3,2,7,Ganzhou,µ£Œá_,«İŒá_,36,Jiangxi,¾±Ù´À,¾±Ù´À,1036007
179,37,7,10,12,9,1,8,11,0,4,6,5,7,3,2,7,Weifang,¾_Œ_,¾À¡Œ_,37,Shandong,Œ±±ŠüÏ,Œ±±¾±,1037007
180,41,7,10,9,11,8,0,4,12,1,6,5,7,3,2,7,Xinxiang,¾Ğ¡Š_Á,¾Ğ¡ãä,41,Henan,¾__ŒÑ,¾__ŒÑ,1041007
181,42,7,10,4,11,12,8,9,0,1,6,5,7,3,2,7,Ezhou,ãâŒá_,ãâŒá_,42,Hubei,¾_ĞŒÎÑ,¾_ĞŒÎÑ,1042007
182,43,7,10,9,12,4,8,0,11,1,6,5,7,3,2,7,Changde,ŒüüŒ_á,ŒüüŒ_á,43,Hunan,¾_ĞŒÑ,¾_ĞŒÑ,1043007
183,44,7,10,9,4,8,11,12,0,1,6,5,7,3,2,7,Jiangmen,¾±ÙÑ¬,¾±ÙĞÛ,44,Guangdong,Œ_ÀŠüÏ,ŒÈ£¾±,1044007
184,45,7,10,12,8,9,0,4,11,1,6,5,7,3,2,7,Chow,Õ_Œá_,¾Â_Œá_,45,Guangxi,Œ_À´À,ŒÈ£´À,1045007
185,50,7,10,0,11,8,9,12,4,1,6,5,7,3,2,7,Jiulongpo,Š__ªŒÁŒÎ¼,Š__ŒÁŒÛ,50,Chongqing,àŒ¼ ,à¾É¦,1050007
186,51,7,10,6,8,9,5,7,0,4,11,12,1,3,2,7,Mianyang,Èµ÷_,¦Àª_,51,Sichuan,ŒİİŒá,ŒİİŒá,1051007
187,61,7,10,8,0,9,4,11,12,1,6,5,7,3,2,7,Hanzhong,¾±äŠü_,¾_¢Šü_,61,Shaanxi,ª¥´À,ª´À,1061007
188,62,7,10,8,9,0,4,11,12,1,6,5,7,3,2,7,Zhangye,Œ_Ê¾_Ğ,Œ_µ¾_Ğ,62,Gansu,Ó÷âÄ,Ó÷âÉ,1062007
189,11,8,9,10,4,12,8,0,11,6,1,5,7,3,2,8,Haidian,¾µá¾áÛ,¾µá¾áÛ,11,Beijing,ŒÎÑŠ¼Â,ŒÎÑŠ¼Â,1011008
190,12,8,10,8,9,0,4,11,12,1,6,5,7,3,2,8,Hangu,¾±ä¾__ŒÎ¼,¾_¢¾__ŒÛ,12,Tianjin,Œ_©¾«´,Œ_©¾«´,1012008
191,13,8,9,8,11,12,10,0,4,1,6,5,7,3,2,8,Chengde,¾äÀŒ_á,¾äÀŒ_á,13,Hebei,¾__ŒÎÑ,¾__ŒÎÑ,1013008
192,14,8,9,10,6,11,12,8,0,4,1,5,7,3,2,8,Yuncheng,ÀŒÙ_,ÜŒÙ_,14,Shanxi,Œ±±´À,Œ±±´À,1014008
193,21,8,10,9,0,8,4,11,12,1,6,5,7,3,2,8,Yingkou,´Œ£,àÙŒ£,21,Liaoning,__Œ¨,_Œø¤,1021008
194,23,8,10,8,9,0,4,11,12,1,6,5,7,3,2,8,Jiamusi,Š__¾Ï¬¾Ğø,Š__¾Ï¬¾Ğø,23,Heilongjiang,ÈÔ_ª¾±Ù,ÈÔ_¾±Ù,1023008
195,31,8,9,6,10,12,8,0,4,11,1,5,7,3,2,8,Zhabei District,ÑüŒÎÑŒÎ¼,Ğ÷ŒÎÑŒÛ,31,Shanghai,Šü_¾µá,Šü_¾µá,1031008
196,32,8,10,9,8,4,11,12,0,1,6,5,7,3,2,8,Huai'an,¾á¨Œ¨ä,¾á¨Œ¨ä,32,Jiangsu,¾±ÙÜ,¾±Ù÷à,1032008
197,33,8,10,9,4,12,8,0,11,1,6,5,7,3,2,8,Quzhou,Á¢Œá_,Á¢Œá_,33,Zhejiang,¾µª¾±Ù,¾µª¾±Ù,1033008
198,34,8,9,10,8,12,1,0,4,11,6,5,7,3,2,8,Anqing,Œ¨äŒ¼ ,Œ¨ä¾É¦,34,Anhui,Œ¨äŒ__,Œ¨äŒ__,1034008
199,35,8,8,10,11,9,12,0,4,1,6,5,7,3,2,8,Longyan,_ªŒ_©,_ŒáĞ,35,Fujian,_ŒÈ¼,_ŒÈ¼,1035008
200,36,8,10,8,12,4,9,0,11,1,6,5,7,3,2,8,Ji,ŒäŒ¨ä,ŒäŒ¨ä,36,Jiangxi,¾±Ù´À,¾±Ù´À,1036008
201,37,8,10,9,8,12,4,11,0,1,6,5,7,3,2,8,Jining,¾µ_Œ¨,¾ÀÙŒø¤,37,Shandong,Œ±±ŠüÏ,Œ±±¾±,1037008
202,41,8,10,1,9,4,11,12,8,0,6,5,7,3,2,8,Jiaozuo,ã_Š_Ï,ã_Š_Ï,41,Henan,¾__ŒÑ,¾__ŒÑ,1041008
203,42,8,10,1,8,9,0,4,11,12,6,5,7,3,2,8,Jingmen, Ñ¬,_ĞÛ,42,Hubei,¾_ĞŒÎÑ,¾_ĞŒÎÑ,1042008
204,43,8,8,10,9,0,4,11,12,1,6,5,7,3,2,8,Zhangjiajie,Œ_ÊŒ¨¦¥Î,Œ_µŒ¨¦¥Î,43,Hunan,¾_ĞŒÑ,¾_ĞŒÑ,1043008
205,44,8,8,9,10,0,4,12,11,1,6,5,7,3,2,8,Zhanjiang,¾_İ¾±Ù,¾_İ¾±Ù,44,Guangdong,Œ_ÀŠüÏ,ŒÈ£¾±,1044008
206,45,8,12,4,6,9,10,8,0,11,1,5,7,3,2,8,Guigang,«µ¾üø,_«¾üø,45,Guangxi,Œ_À´À,ŒÈ£´À,1045008
207,50,8,10,9,11,0,4,8,12,1,6,5,7,3,2,8,South Bank area,ŒÑŒ_üŒÎ¼,ŒÑŒ_üŒÛ,50,Chongqing,àŒ¼ ,à¾É¦,1050008
208,51,8,10,0,8,9,4,11,12,1,6,5,7,3,2,8,Guangyuan,Œ_ÀŒÉÄ,ŒÈ£ŒÉÄ,51,Sichuan,ŒİİŒá,ŒİİŒá,1051008
209,61,8,10,0,11,12,8,9,4,1,6,5,7,3,2,8,Yulin,¾_ ¾_Ñ,¾_ ¾_Ñ,61,Shaanxi,ª¥´À,ª´À,1061008
210,62,8,9,10,8,0,4,11,12,1,6,5,7,3,2,8,Pingliang,Œ__Œàä,Œ__¾¦_,62,Gansu,Ó÷âÄ,Ó÷âÉ,1062008
211,11,9,10,8,9,0,4,11,12,1,6,5,7,3,2,9,Mentougou,Ñ¬Œ_«¾_Ù,ĞÛÊ_¾¼,11,Beijing,ŒÎÑŠ¼Â,ŒÎÑŠ¼Â,1011009
212,12,9,8,10,9,0,4,11,12,1,6,5,7,3,2,9,Dagang,Œ_¤¾üøŒÎ¼,Œ_¤¾üøŒÛ,12,Tianjin,Œ_©¾«´,Œ_©¾«´,1012009
213,13,9,10,9,4,8,12,0,11,1,6,5,7,3,2,9,Cangzhou,¾_¤Œá_,¾ÈãŒá_,13,Hebei,¾__ŒÎÑ,¾__ŒÎÑ,1013009
214,14,9,10,0,8,9,4,11,12,1,6,5,7,3,2,9,Xinzhou,ŒÀÈŒá_,ŒÀÈŒá_,14,Shanxi,Œ±±´À,Œ±±´À,1014009
215,21,9,9,10,8,0,4,11,12,1,6,5,7,3,2,9,Fuxin,÷Ï¾Ğ¡,÷Ï¾Ğ¡,21,Liaoning,__Œ¨,_Œø¤,1021009
216,23,9,12,10,8,9,0,4,11,1,6,5,7,3,2,9,Qitaihe,ŠüÄŒ¡¾__,ŠüÄŒ¡¾__,23,Heilongjiang,ÈÔ_ª¾±Ù,ÈÔ_¾±Ù,1023009
217,31,9,10,9,8,4,12,0,11,1,6,5,7,3,2,9,Hongkou District,ª_Œ£ŒÎ¼,ª_Œ£ŒÛ,31,Shanghai,Šü_¾µá,Šü_¾µá,1031009
218,32,9,10,9,4,8,12,0,11,1,6,5,7,3,2,9,Yancheng,İŒÙ_,__ŒÙ_,32,Jiangsu,¾±ÙÜ,¾±Ù÷à,1032009
219,33,9,10,0,8,9,4,11,12,1,6,5,7,3,2,9,Zhoushan,öÙŒ±±,öÙŒ±±,33,Zhejiang,¾µª¾±Ù,¾µª¾±Ù,1033009
220,35,9,10,12,8,9,0,4,11,1,6,5,7,3,2,9,Ningde,Œ¨Œ_á,Œø¤Œ_á,35,Fujian,_ŒÈ¼,_ŒÈ¼,1035009
221,36,9,10,11,4,8,9,0,12,1,6,5,7,3,2,9,Yichun,Œ¨Ï¾÷´,Œ¨Ï¾÷´,36,Jiangxi,¾±Ù´À,¾±Ù´À,1036009
222,37,9,10,9,6,8,12,0,4,11,1,5,7,3,2,9,Taian,¾_¡Œ¨ä,¾_¡Œ¨ä,37,Shandong,Œ±±ŠüÏ,Œ±±¾±,1037009
223,41,9,10,4,8,9,0,11,12,1,6,5,7,3,2,9,Puyang,¾À¨÷_,¾À¨ª_,41,Henan,¾__ŒÑ,¾__ŒÑ,1041009
224,42,9,10,0,1,9,12,8,4,11,6,5,7,3,2,9,Xiaogan,Œ_¾ãÙ,Œ_¾ãÙ,42,Hubei,¾_ĞŒÎÑ,¾_ĞŒÎÑ,1042009
225,43,9,10,12,8,9,0,4,11,1,6,5,7,3,2,9,Yiyang,İ_÷_,İ_ª_,43,Hunan,¾_ĞŒÑ,¾_ĞŒÑ,1043009
226,44,9,10,0,9,12,8,4,11,1,6,5,7,3,2,9,Maoming,ÎâŒ,ÎâŒ,44,Guangdong,Œ_ÀŠüÏ,ŒÈ£¾±,1044009
227,45,9,10,12,1,9,8,0,4,11,6,5,7,3,2,9,Yulin,_ä¾_Ñ,_ä¾_Ñ,45,Guangxi,Œ_À´À,ŒÈ£´À,1045009
228,50,9,10,9,8,0,4,11,12,1,6,5,7,3,2,9,Beibei,ŒÎÑ¢_ŒÎ¼,ŒÎÑ¢_ŒÛ,50,Chongqing,àŒ¼ ,à¾É¦,1050009
229,51,9,8,9,10,0,4,11,12,1,6,5,7,3,2,9,Suining,âŒ¨,âŒø¤,51,Sichuan,ŒİİŒá,ŒİİŒá,1051009
230,61,9,10,9,11,12,8,0,4,1,6,5,7,3,2,9,Well-being,Œ¨äŒ¼á,Œ¨äŒ¼á,61,Shaanxi,ª¥´À,ª´À,1061009
231,62,9,9,10,8,0,4,11,12,1,6,5,7,3,2,9,Jiuquan,ÉÕ¾_ä,ÉÕ¾_ä,62,Gansu,Ó÷âÄ,Ó÷âÉ,1062009
232,81,9,6,10,8,9,0,4,11,12,1,5,7,3,2,9,Wan Chai District,¾__ŠÈÓŒÎ¼,£ŠÈÓŒÛ,81,Hong Kong,_ª¾üø,_ª¾üø,1081009
233,12,10,10,8,9,0,4,11,12,1,6,5,7,3,2,10,Dongli District,ŠüÏŠü_ŒÎ¼,¾±¼ÑŒÛ,12,Tianjin,Œ_©¾«´,Œ_©¾«´,1012010
234,13,10,10,9,4,8,12,0,11,1,6,5,7,3,2,10,Langfang,ŒÈ_Œ_,ŒÈ_Œ_,13,Hebei,¾__ŒÎÑ,¾__ŒÎÑ,1013010
235,14,10,10,12,11,8,9,0,4,1,6,5,7,3,2,10,Linfen,Šü«¾±_,à¬¾±_,14,Shanxi,Œ±±´À,Œ±±´À,1014010
236,21,10,10,9,12,8,0,4,11,1,6,5,7,3,2,10,Liaoyang,__÷_,_ª_,21,Liaoning,__Œ¨,_Œø¤,1021010
237,23,10,10,8,9,0,4,11,12,1,6,5,7,3,2,10,Mudanjiang,äÁŠü_¾±Ù,äÁŠü_¾±Ù,23,Heilongjiang,ÈÔ_ª¾±Ù,ÈÔ_¾±Ù,1023010
238,31,10,10,9,8,12,4,6,0,11,1,5,7,3,2,10,Yangpu District,¾¬¾µ_ŒÎ¼,¾´_¾µ_ŒÛ,31,Shanghai,Šü_¾µá,Šü_¾µá,1031010
239,32,10,10,9,12,8,1,4,0,11,6,5,7,3,2,10,Yangzhou,¾äÂŒá_,¾_Œá_,32,Jiangsu,¾±ÙÜ,¾±Ù÷à,1032010
240,33,10,10,8,6,12,9,0,4,11,1,5,7,3,2,10,Taizhou,Œ¡Œá_,Œ¡Œá_,33,Zhejiang,¾µª¾±Ù,¾µª¾±Ù,1033010
241,34,10,9,10,4,8,0,12,11,1,6,5,7,3,2,10,Huangshan,ÈãŒ±±,ÈÄŒ±±,34,Anhui,Œ¨äŒ__,Œ¨äŒ__,1034010
242,36,10,9,0,10,8,4,11,12,1,6,5,7,3,2,10,Fuzhou,¾__Œá_,¾ÕÇŒá_,36,Jiangxi,¾±Ù´À,¾±Ù´À,1036010
243,37,10,10,9,11,12,8,0,4,1,6,5,7,3,2,10,Weihai,Œ¬¾µá,Œ¬¾µá,37,Shandong,Œ±±ŠüÏ,Œ±±¾±,1037010
244,41,10,10,9,8,0,4,11,12,1,6,5,7,3,2,10,Xuchang,¨ü¾÷Î,¬±¾÷Î,41,Henan,¾__ŒÑ,¾__ŒÑ,1041010
245,42,10,10,8,9,0,4,11,12,1,6,5,7,3,2,10,Jingzhou, Œá_,_Œá_,42,Hubei,¾_ĞŒÎÑ,¾_ĞŒÎÑ,1042010
246,43,10,9,10,8,0,4,11,12,1,6,5,7,3,2,10,Chenzhou,Ä«Œá_,Ä«Œá_,43,Hunan,¾_ĞŒÑ,¾_ĞŒÑ,1043010
247,45,10,10,8,9,0,4,11,12,1,6,5,7,3,2,10,Baise,ª_ä_,ª_ä_,45,Guangxi,Œ_À´À,ŒÈ£´À,1045010
248,51,10,10,9,8,0,4,11,12,1,6,5,7,3,2,10,Neijiang,Œ É¾±Ù,ŒÉ¤¾±Ù,51,Sichuan,ŒİİŒá,ŒİİŒá,1051010
249,61,10,10,8,9,0,4,11,12,1,6,5,7,3,2,10,Shangluo,Œ¥ ¾«İ,Œ¥ ¾«İ,61,Shaanxi,ª¥´À,ª´À,1061010
250,62,10,10,12,8,9,0,4,11,1,6,5,7,3,2,10,Qingyang,Œ¼ ÷_,¾É¦ª_,62,Gansu,Ó÷âÄ,Ó÷âÉ,1062010
251,71,10,6,8,5,10,0,9,4,11,12,1,7,3,2,10,Taoyuan County,¾ÁÄŒİ_Œ_À,¾ÁÄŒÏÕü£,71,Taiwan,Œ¡¾__,Œ¡£,1071010
252,81,10,9,10,8,0,4,11,12,1,6,5,7,3,2,10,Yau Tsim Mong District,¾__Œ¡Ğ¾Ñ¼ŒÎ¼,¾__Œ¡Ğ¾Ñ¼ŒÛ,81,Hong Kong,_ª¾üø,_ª¾üø,1081010
253,11,11,10,8,9,0,4,11,12,1,6,5,7,3,2,11,Fangshan,¾öÀŒ±±,¾öÀŒ±±,11,Beijing,ŒÎÑŠ¼Â,ŒÎÑŠ¼Â,1011011
254,12,11,9,4,10,8,0,11,12,1,6,5,7,3,2,11,West Green area,´ÀÕŒÎ¼,´ÀÕŒÛ,12,Tianjin,Œ_©¾«´,Œ_©¾«´,1012011
255,13,11,10,12,4,9,8,0,11,1,6,5,7,3,2,11,Hengshui,ÁÁ¾¡«,ÁÁ¾¡«,13,Hebei,¾__ŒÎÑ,¾__ŒÎÑ,1013011
256,21,11,8,10,9,0,4,11,12,1,6,5,7,3,2,11,Panjin,İ÷Ó_,İ_Î_,21,Liaoning,__Œ¨,_Œø¤,1021011
257,23,11,4,10,8,9,0,11,12,1,6,5,7,3,2,11,Heihe,ÈÔ¾__,ÈÔ¾__,23,Heilongjiang,ÈÔ_ª¾±Ù,ÈÔ_¾±Ù,1023011
258,32,11,10,5,9,8,0,4,11,12,1,6,7,3,2,11,Zhenjiang,¥à¾±Ù,_¨¾±Ù,32,Jiangsu,¾±ÙÜ,¾±Ù÷à,1032011
259,33,11,10,12,8,9,0,4,11,1,6,5,7,3,2,11,Lishui,Šü_¾¡«,¼Ñ¾¡«,33,Zhejiang,¾µª¾±Ù,¾µª¾±Ù,1033011
260,34,11,10,9,8,0,4,11,12,1,6,5,7,3,2,11,Chuzhou,¾ÈŒá_,¾ÈŒá_,34,Anhui,Œ¨äŒ__,Œ¨äŒ__,1034011
261,36,11,9,6,10,11,12,8,0,4,1,5,7,3,2,11,Shangrao,Šü_´¦,Šü_´Õ,36,Jiangxi,¾±Ù´À,¾±Ù´À,1036011
262,37,11,10,8,6,12,9,0,4,11,1,5,7,3,2,11,Sunshine,¾Ñ´É¤,¾Ñ´É¤,37,Shandong,Œ±±ŠüÏ,Œ±±¾±,1037011
263,41,11,10,9,8,0,4,11,12,1,6,5,7,3,2,11,Luohe,¾_ø¾__,¾_ø¾__,41,Henan,¾__ŒÑ,¾__ŒÑ,1041011
264,42,11,10,0,9,11,8,4,12,1,6,5,7,3,2,11,Huanggang,ÈãŒ ö,ÈÄŒ_Á,42,Hubei,¾_ĞŒÎÑ,¾_ĞŒÎÑ,1042011
265,43,11,10,12,8,9,0,4,11,1,6,5,7,3,2,11,Yongzhou,¾¡üŒá_,¾¡üŒá_,43,Hunan,¾_ĞŒÑ,¾_ĞŒÑ,1043011
266,45,11,10,8,9,0,4,11,12,1,6,5,7,3,2,11,Hezhou,«¼Œá_,_ÛŒá_,45,Guangxi,Œ_À´À,ŒÈ£´À,1045011
267,51,11,10,9,12,8,0,4,11,1,6,5,7,3,2,11,Leshan,Š_Œ±±,¾¬âŒ±±,51,Sichuan,ŒİİŒá,ŒİİŒá,1051011
268,11,12,10,12,9,0,4,6,8,11,1,5,7,3,2,12,Tongzhou,Û_Œá_,Û_Œá_,11,Beijing,ŒÎÑŠ¼Â,ŒÎÑŠ¼Â,1011012
269,12,12,10,12,8,9,0,4,11,1,6,5,7,3,2,12,Jinnan,¾«´ŒÑŒÎ¼,¾«´ŒÑŒÛ,12,Tianjin,Œ_©¾«´,Œ_©¾«´,1012012
270,21,12,9,10,8,0,4,11,12,1,6,5,7,3,2,12,Tieling,ÒŒ__,µŒ¦¼,21,Liaoning,__Œ¨,_Œø¤,1021012
271,23,12,9,10,8,0,4,11,12,1,6,5,7,3,2,12,Suihua,È´ŒÎĞ,¦ŒÎĞ,23,Heilongjiang,ÈÔ_ª¾±Ù,ÈÔ_¾±Ù,1023012
272,31,12,10,9,0,4,12,8,11,1,6,5,7,3,2,12,Minhang,ÑµÁÎŒÎ¼,ĞÓÁÎŒÛ,31,Shanghai,Šü_¾µá,Šü_¾µá,1031012
273,32,12,10,4,0,8,9,11,12,1,6,5,7,3,2,12,Taizhou,¾_¡Œá_,¾_¡Œá_,32,Jiangsu,¾±ÙÜ,¾±Ù÷à,1032012
274,34,12,10,9,4,12,8,11,0,1,6,5,7,3,2,12,Fuyang,÷Ï÷_,÷Ïª_,34,Anhui,Œ¨äŒ__,Œ¨äŒ__,1034012
275,37,12,10,9,12,6,8,0,4,11,1,5,7,3,2,12,Laiwu,_±_Ï,_¥»,37,Shandong,Œ±±ŠüÏ,Œ±±¾±,1037012
276,41,12,10,9,12,8,0,4,11,1,6,5,7,3,2,12,Sanmenxia,ŠüäÑ¬Œ_Á,ŠüäĞÛŒ__,41,Henan,¾__ŒÑ,¾__ŒÑ,1041012
277,42,12,10,9,8,0,4,11,12,1,6,5,7,3,2,12,Xianning,ŒÕüŒ¨,ŒÕüŒø¤,42,Hubei,¾_ĞŒÎÑ,¾_ĞŒÎÑ,1042012
278,43,12,9,10,0,6,8,4,11,12,1,5,7,3,2,12,Huaihua,¾ÛÛŒÎĞ,¾àáŒÎĞ,43,Hunan,¾_ĞŒÑ,¾_ĞŒÑ,1043012
279,44,12,10,9,0,7,11,8,4,12,1,6,5,3,2,12,Zhaoqing,âàŒ¼ ,âà¾É¦,44,Guangdong,Œ_ÀŠüÏ,ŒÈ£¾±,1044012
280,45,12,9,10,8,0,4,11,12,1,6,5,7,3,2,12,Hechi,¾__¾±Ê,¾__¾±Ê,45,Guangxi,Œ_À´À,ŒÈ£´À,1045012
281,50,12,10,9,8,11,4,7,12,0,1,6,5,3,2,12,Yubei,¾üŒÎÑŒÎ¼,¾üŒÎÑŒÛ,50,Chongqing,àŒ¼ ,à¾É¦,1050012
282,11,13,10,9,0,4,8,11,12,1,6,5,7,3,2,13,Shunyi,Á¼Š_ä,Ê _©,11,Beijing,ŒÎÑŠ¼Â,ŒÎÑŠ¼Â,1011013
283,12,13,10,9,0,8,4,11,12,1,6,5,7,3,2,13,North Star District,ŒÎÑ_¡ŒÎ¼,ŒÎÑ_¡ŒÛ,12,Tianjin,Œ_©¾«´,Œ_©¾«´,1012013
284,21,13,10,8,9,0,4,11,12,1,6,5,7,3,2,13,Chaoyang,¾Ï÷_,¾Ïª_,21,Liaoning,__Œ¨,_Œø¤,1021013
285,31,13,9,10,0,4,12,8,11,1,6,5,7,3,2,13,Baoshan District,Œ¨Œ±±ŒÎ¼,Œø¦Œ±±ŒÛ,31,Shanghai,Šü_¾µá,Šü_¾µá,1031013
286,32,13,10,9,12,8,0,4,11,1,6,5,7,3,2,13,Suqian,Œ¨ÀÀ,Œ¨Àá,32,Jiangsu,¾±ÙÜ,¾±Ù÷à,1032013
287,34,13,10,12,8,0,1,4,9,11,6,5,7,3,2,13,Suzhou,Œ¨ÀŒá_,Œ¨ÀŒá_,34,Anhui,Œ¨äŒ__,Œ¨äŒ__,1034013
288,37,13,10,9,12,5,11,8,0,4,1,6,7,3,2,13,Linyi,Šü«¾_â,à¬¾_â,37,Shandong,Œ±±ŠüÏ,Œ±±¾±,1037013
289,41,13,10,9,0,4,8,11,12,1,6,5,7,3,2,13,Nanyang,ŒÑ÷_,ŒÑª_,41,Henan,¾__ŒÑ,¾__ŒÑ,1041013
290,42,13,10,8,9,0,4,11,12,1,6,5,7,3,2,13,Suizhou,_Œá_,_¬Œá_,42,Hubei,¾_ĞŒÎÑ,¾_ĞŒÎÑ,1042013
291,43,13,10,9,8,0,4,11,12,1,6,5,7,3,2,13,Loudi,Œ¬ãŒ¼¥,Œ©Œ¼¥,43,Hunan,¾_ĞŒÑ,¾_ĞŒÑ,1043013
292,44,13,10,9,8,11,0,1,12,4,6,5,7,3,2,13,Huizhou,¾ÄÊŒá_,¾ÄÊŒá_,44,Guangdong,Œ_ÀŠüÏ,ŒÈ£¾±,1044013
293,50,13,10,12,8,9,0,4,11,1,6,5,7,3,2,13,Banan District,Œá«ŒÑŒÎ¼,Œá«ŒÑŒÛ,50,Chongqing,àŒ¼ ,à¾É¦,1050013
294,51,13,10,12,9,4,0,8,11,1,6,5,7,3,2,13,Nanchong,ŒÑŒÉÉ,ŒÑŒÉÉ,51,Sichuan,ŒİİŒá,ŒİİŒá,1051013
295,71,13,8,10,9,0,4,11,12,1,6,5,7,3,2,13,Taichung County,Œ¡Šü_Œ_À,Œ¡Šü_ü£,71,Taiwan,Œ¡¾__,Œ¡£,1071013
296,81,13,10,8,9,0,4,11,12,1,6,5,7,3,2,13,North,ŒÎÑŒÎ¼,ŒÎÑŒÛ,81,Hong Kong,_ª¾üø,_ª¾üø,1081013
297,11,14,9,10,4,6,7,8,0,11,12,1,5,3,2,14,Changping,¾÷ÎŒ__,¾÷ÎŒ__,11,Beijing,ŒÎÑŠ¼Â,ŒÎÑŠ¼Â,1011014
298,12,14,10,4,12,8,9,0,11,1,6,5,7,3,2,14,Wuqing,¾__¾üÉŒÎ¼,¾__¾üÉŒÛ,12,Tianjin,Œ_©¾«´,Œ_©¾«´,1012014
299,21,14,8,9,10,0,4,11,12,1,6,5,7,3,2,14,Huludao,ÔÇ__Œ_İ,ÔÇ÷ Œ_¦,21,Liaoning,__Œ¨,_Œø¤,1021014
300,31,14,9,10,8,4,0,11,12,1,6,5,7,3,2,14,Jiading District,Œ÷äŒ¨_ŒÎ¼,Œ÷äŒ¨_ŒÛ,31,Shanghai,Šü_¾µá,Šü_¾µá,1031014
301,34,14,1,10,8,9,0,4,11,12,6,5,7,3,2,14,Chaohu,Œá¢¾_Ğ,Œá¢¾_Ğ,34,Anhui,Œ¨äŒ__,Œ¨äŒ__,1034014
302,37,14,10,1,4,12,8,9,0,11,6,5,7,3,2,14,Texas,Œ_áŒá_,Œ_áŒá_,37,Shandong,Œ±±ŠüÏ,Œ±±¾±,1037014
303,41,14,10,9,12,8,0,4,11,1,6,5,7,3,2,14,Shangqiu,Œ¥ Šü÷,Œ¥ Šü÷,41,Henan,¾__ŒÑ,¾__ŒÑ,1041014
304,44,14,10,9,0,12,8,4,11,1,6,5,7,3,2,14,Meizhou,¾¢ÉŒá_,¾¢ÉŒá_,44,Guangdong,Œ_ÀŠüÏ,ŒÈ£¾±,1044014
305,45,14,10,8,9,0,4,11,12,1,6,5,7,3,2,14,Chongzuo,Œ«àŒá_,Œ«àŒá_,45,Guangxi,Œ_À´À,ŒÈ£´À,1045014
306,51,14,10,8,11,9,0,4,12,1,6,5,7,3,2,14,Meishan,ÏäŒ±±,ÏäŒ±±,51,Sichuan,ŒİİŒá,ŒİİŒá,1051014
307,11,15,10,4,0,1,6,9,8,11,12,5,7,3,2,15,Daxing,Œ_¤ŒÉ«,Œ_¤öö,11,Beijing,ŒÎÑŠ¼Â,ŒÎÑŠ¼Â,1011015
308,12,15,0,10,8,9,4,11,12,1,6,5,7,3,2,15,Baodi,Œ¨ŒÈŒÎ¼,Œø¦ŒÈŒÛ,12,Tianjin,Œ_©¾«´,Œ_©¾«´,1012015
309,31,15,9,10,8,0,4,6,12,1,5,7,11,3,2,15,Pudong New Area,¾µ_ŠüÏ¾Ğ¡ŒÎ¼,¾µ_¾±¾Ğ¡ŒÛ,31,Shanghai,Šü_¾µá,Šü_¾µá,1031015
310,34,15,10,12,8,9,0,4,11,1,6,5,7,3,2,15,Luan,ŒÉ_Œ¨ä,ŒÉ_Œ¨ä,34,Anhui,Œ¨äŒ__,Œ¨äŒ__,1034015
311,37,15,10,8,9,0,4,11,12,1,6,5,7,3,2,15,Liaocheng,_ŒÙ_,_ŒÙ_,37,Shandong,Œ±±ŠüÏ,Œ±±¾±,1037015
312,41,15,10,9,0,4,8,11,12,1,6,5,7,3,2,15,Xinyang,ŠÀÁ÷_,ŠÀÁª_,41,Henan,¾__ŒÑ,¾__ŒÑ,1041015
313,44,15,10,0,12,8,9,4,11,1,6,5,7,3,2,15,Shanwei,¾±¥Œ¡_,¾±¥Œ¡_,44,Guangdong,Œ_ÀŠüÏ,ŒÈ£¾±,1044015
314,50,15,1,8,10,0,9,4,11,12,6,5,7,3,2,15,Longevity District,¥ÀŒøÀŒÎ¼,¥áŒ£_ŒÛ,50,Chongqing,àŒ¼ ,à¾É¦,1050015
315,51,15,10,0,8,11,12,9,4,1,6,5,7,3,2,15,Yibin,Œ¨ÏŒ¨_,Œ¨Ï_Ò,51,Sichuan,ŒİİŒá,ŒİİŒá,1051015
316,11,16,9,10,8,0,4,11,12,1,6,5,7,3,2,16,Huairou,¾ÛÛ¾ÙÓ,¾àá¾ÙÓ,11,Beijing,ŒÎÑŠ¼Â,ŒÎÑŠ¼Â,1011016
317,31,16,9,10,8,0,4,11,12,1,6,5,7,3,2,16,Jinshan,àÔŒ±±ŒÎ¼,àÔŒ±±ŒÛ,31,Shanghai,Šü_¾µá,Šü_¾µá,1031016
318,34,16,10,8,9,0,4,11,12,1,6,5,7,3,2,16,Bozhou,Š¼_Œá_,Š¼_Œá_,34,Anhui,Œ¨äŒ__,Œ¨äŒ__,1034016
319,37,16,9,10,8,0,4,11,12,1,6,5,7,3,2,16,Binzhou,¾È¬Œá_,¾À±Œá_,37,Shandong,Œ±±ŠüÏ,Œ±±¾±,1037016
320,41,16,10,12,8,9,0,4,11,1,6,5,7,3,2,16,Zhoukou,ŒÔ¬Œ£,ŒÔ¬Œ£,41,Henan,¾__ŒÑ,¾__ŒÑ,1041016
321,44,16,9,10,8,0,4,11,12,1,6,5,7,3,2,16,Heyuan,¾__¾¼,¾__¾¼,44,Guangdong,Œ_ÀŠüÏ,ŒÈ£¾±,1044016
322,51,16,10,9,8,12,0,4,11,1,6,5,7,3,2,16,Kwong,Œ_ÀŒ¨ä,ŒÈ£Œ¨ä,51,Sichuan,ŒİİŒá,ŒİİŒá,1051016
323,11,17,10,8,9,0,4,11,12,1,6,5,7,3,2,17,Pinggu,Œ__¡á,Œ__¡á,11,Beijing,ŒÎÑŠ¼Â,ŒÎÑŠ¼Â,1011017
324,31,17,8,10,9,11,12,0,4,1,6,5,7,3,2,17,Songjiang District,¾_¾±ÙŒÎ¼,¾_¾±ÙŒÛ,31,Shanghai,Šü_¾µá,Šü_¾µá,1031017
325,34,17,12,10,8,9,0,4,11,1,6,5,7,3,2,17,Chizhou,¾±ÊŒá_,¾±ÊŒá_,34,Anhui,Œ¨äŒ__,Œ¨äŒ__,1034017
326,37,17,10,11,8,12,9,0,4,1,6,5,7,3,2,17,Heze,¾__,¾__,37,Shandong,Œ±±ŠüÏ,Œ±±¾±,1037017
327,41,17,10,11,8,9,0,4,12,1,6,5,7,3,2,17,Zhumadian,©È©ÂŒ¼Ñ,¤_ÂŒ¼Ñ,41,Henan,¾__ŒÑ,¾__ŒÑ,1041017
328,44,17,10,12,8,9,0,4,11,1,6,5,7,3,2,17,Yangjiang,÷_¾±Ù,ª_¾±Ù,44,Guangdong,Œ_ÀŠüÏ,ŒÈ£¾±,1044017
329,51,17,10,9,8,0,4,11,12,1,6,5,7,3,2,17,Florida,__Œá_,ÓŒá_,51,Sichuan,ŒİİŒá,ŒİİŒá,1051017
330,31,18,9,10,8,0,4,11,12,1,6,5,7,3,2,18,Qingpu District,Õ¾µ_ŒÎ¼,Õ¾µ_ŒÛ,31,Shanghai,Šü_¾µá,Šü_¾µá,1031018
331,34,18,10,9,8,4,6,11,12,0,1,5,7,3,2,18,Xuancheng,Œ¨£ŒÙ_,Œ¨£ŒÙ_,34,Anhui,Œ¨äŒ__,Œ¨äŒ__,1034018
332,44,18,9,10,8,11,0,1,6,4,12,5,7,3,2,18,Qingyuan,¾üÉÀÏ,¾üÉÊ,44,Guangdong,Œ_ÀŠüÏ,ŒÈ£¾±,1044018
333,51,18,12,9,10,8,0,4,11,1,6,5,7,3,2,18,Ya,İÉŒ¨ä,İÉŒ¨ä,51,Sichuan,ŒİİŒá,ŒİİŒá,1051018
334,31,19,10,9,8,0,4,11,12,1,6,5,7,3,2,19,Nanhui District,ŒÑ¾±àŒÎ¼,ŒÑŒÎøŒÛ,31,Shanghai,Šü_¾µá,Šü_¾µá,1031019
335,44,19,9,10,12,0,4,8,6,11,1,5,7,3,2,19,Dongguan,ŠüÏ__,¾±__,44,Guangdong,Œ_ÀŠüÏ,ŒÈ£¾±,1044019
336,51,19,9,10,8,0,4,11,12,1,6,5,7,3,2,19,Pakistan,Œá«Šü_,Œá«Šü_,51,Sichuan,ŒİİŒá,ŒİİŒá,1051019
337,31,20,9,4,10,8,0,11,12,1,6,5,7,3,2,20,Fengxian District,Œ´ä«_ŒÎ¼,Œ´ä_¢ŒÛ,31,Shanghai,Šü_¾µá,Šü_¾µá,1031020
338,44,20,10,9,6,8,0,4,12,11,1,5,7,3,2,20,Zhongshan,Šü_Œ±±,Šü_Œ±±,44,Guangdong,Œ_ÀŠüÏ,ŒÈ£¾±,1044020
339,51,20,10,0,9,8,4,11,12,1,6,5,7,3,2,20,Ziyang,µã÷_,_àª_,51,Sichuan,ŒİİŒá,ŒİİŒá,1051020
340,54,21,5,8,10,9,0,4,11,12,1,6,7,3,2,21,Qamdo,¾÷ÎÄ_,¾÷ÎÄ_,54,Tibet,´ÀÑ,´ÀÑ,1054021
341,63,21,9,10,8,0,4,11,12,1,6,5,7,3,2,21,Haidong,¾µáŠüÏ,¾µá¾±,63,Qinghai,Õ¾µá,Õ¾µá,1063021
342,45,22,9,10,8,0,4,11,12,1,6,5,7,3,2,22,Liuzhou,¾Ù_Œá_,¾Ù_Œá_,45,Guangxi,Œ_À´À,ŒÈ£´À,1045022
343,50,22,9,10,8,0,4,11,12,1,6,5,7,3,2,22,Qijiang,¦_¾±ÙŒ_À,¦_¾±Ùü£,50,Chongqing,àŒ¼ ,à¾É¦,1050022
344,52,22,10,8,9,0,4,11,12,1,6,5,7,3,2,22,Tongren,ÒÏŠÈ,_ÉŠÈ,52,Guizhou,«µŒá_,_«Œá_,1052022
345,65,22,4,12,10,8,9,0,11,1,6,5,7,3,2,22,Hamilton,ŒÒöŒø ,ŒÒöŒø ‰ÛÜ‰ÛÜ,65,Xinjiang,¾Ğ¡Ğ ,¾Ğ¡Ğ ,1065022
346,12,23,10,8,9,0,4,11,12,1,6,5,7,3,2,23,Jinghai County,ª¾µáŒ_À,Ï¾µáü£,12,Tianjin,Œ_©¾«´,Œ_©¾«´,1012023
347,14,23,10,12,6,8,9,0,4,11,1,5,7,3,2,23,Luliang,Œ¥¾¢,ŒÔâ¾¢,14,Shanxi,Œ±±´À,Œ±±´À,1014023
348,50,23,10,8,9,0,4,11,12,1,6,5,7,3,2,23,Tongnan,¾__ŒÑŒ_À,¾__ŒÑü£,50,Chongqing,àŒ¼ ,à¾É¦,1050023
349,52,23,9,10,8,0,4,11,12,1,6,5,7,3,2,23,Southwest Guizhou,ÈÓ´ÀŒÑ,ÈÓ´ÀŒÑ,52,Guizhou,«µŒá_,_«Œá_,1052023
350,53,23,4,10,8,9,0,11,12,1,6,5,7,3,2,23,Chuxiong,¾´_İã,¾´_İã,53,Yunnan,Š¼ÔŒÑ,İ_ŒÑ,1053023
351,54,23,0,10,8,9,4,11,12,1,6,5,7,3,2,23,Shigatse,¾Ñ´ŒĞÛŒöª,¾Ñ´ŒĞÛŒäà,54,Tibet,´ÀÑ,´ÀÑ,1054023
352,63,23,9,10,8,0,4,11,12,1,6,5,7,3,2,23,Huangnan,ÈãŒÑ,ÈÄŒÑ,63,Qinghai,Õ¾µá,Õ¾µá,1063023
353,22,24,10,9,11,12,8,0,4,1,6,5,7,3,2,24,Yanbian Korean Autonomous Prefecture,ŒÈ¦__¾Ï_Ï¾Ñà»¾_ÈŒá_,ŒÈ¦â_¾Ï¨¨¾Ñà»¾_ÈŒá_,22,Jilin,Œä¾_Ñ,Œä¾_Ñ,1022024
354,50,24,10,8,9,0,4,11,12,1,6,5,7,3,2,24,Tongliang,ÒÏ¾¢Œ_À,_É¾¢ü£,50,Chongqing,àŒ¼ ,à¾É¦,1050024
355,52,24,4,9,10,11,12,8,0,1,6,5,7,3,2,24,Bijie,¾ø¥_â,¥¢øÛ,52,Guizhou,«µŒá_,_«Œá_,1052024
356,54,24,10,8,9,0,4,11,12,1,6,5,7,3,2,24,Nagqu,â£¾İ_,â£¾İ_,54,Tibet,´ÀÑ,´ÀÑ,1054024
357,62,24,10,12,8,9,0,4,11,1,6,5,7,3,2,24,Dingxi,Œ¨_´À,Œ¨_´À,62,Gansu,Ó÷âÄ,Ó÷âÉ,1062024
358,12,25,9,10,8,0,4,11,12,1,6,5,7,3,2,25,Jixian,ÒÙŒ_À,Ğ_ü£,12,Tianjin,Œ_©¾«´,Œ_©¾«´,1012025
359,15,25,0,8,10,11,12,9,4,1,6,5,7,3,2,25,Xilin Gol League,ÓÁ¾_ÑÄ_ŒÜÕİÙ,ÎÇ¾_ÑÄ_ŒÜÕİÙ,15,Inner Mongolia,Œ ÉÕªŒ_,ŒÉ¤ÕªŒ_,1015025
360,53,25,10,8,12,9,0,4,11,1,6,5,7,3,2,25,Red River,¼¢¾__,«É¾__,53,Yunnan,Š¼ÔŒÑ,İ_ŒÑ,1053025
361,54,25,12,10,8,9,0,4,11,1,6,5,7,3,2,25,Ali,÷ÀàÎ,÷ÀàÎ,54,Tibet,´ÀÑ,´ÀÑ,1054025
362,12,26,9,12,4,8,10,0,11,1,6,5,7,3,2,26,Binhai New Area,¾È¬¾µá¾Ğ¡ŒÎ¼,¾À±¾µá¾Ğ¡ŒÛ,12,Tianjin,Œ_©¾«´,Œ_©¾«´,1012026
363,52,26,10,9,12,8,0,4,11,1,6,5,7,3,2,26,Southeast,ÈÓŠüÏŒÑ,ÈÓ¾±ŒÑ,52,Guizhou,«µŒá_,_«Œá_,1052026
364,53,26,10,8,9,0,4,11,12,1,6,5,7,3,2,26,Wenshan,¾ĞàŒ±±,¾ĞàŒ±±,53,Yunnan,Š¼ÔŒÑ,İ_ŒÑ,1053026
365,54,26,4,5,10,8,9,0,11,12,1,6,7,3,2,26,Nyingchi,¾_Ñ_,¾_Ñ_,54,Tibet,´ÀÑ,´ÀÑ,1054026
366,23,27,8,10,9,0,4,11,12,1,6,5,7,3,2,27,Mountains,Œ_¤ŒÉ«Œ¨äŒ__,Œ_¤ööŒ¨äŒ¦¼,23,Heilongjiang,ÈÔ_ª¾±Ù,ÈÔ_¾±Ù,1023027
367,50,27,10,8,9,0,4,11,12,1,6,5,7,3,2,27,Bishan County,Õ¤Œ±±Œ_À,Õ¤Œ±±ü£,50,Chongqing,àŒ¼ ,à¾É¦,1050027
368,52,27,10,4,8,9,0,11,12,1,6,5,7,3,2,27,Qiannan,ÈÓŒÑ,ÈÓŒÑ,52,Guizhou,«µŒá_,_«Œá_,1052027
369,53,27,11,10,8,9,0,4,12,1,6,5,7,3,2,27,Simao,¾ÛÎÉ,¾ÛÎÉ,53,Yunnan,Š¼ÔŒÑ,İ_ŒÑ,1053027
370,63,27,4,10,8,9,0,11,12,1,6,5,7,3,2,27,Yushu,_ä¾ÊÔ,_ä¾¬_,63,Qinghai,Õ¾µá,Õ¾µá,1063027
371,65,27,10,8,9,0,4,11,12,1,6,5,7,3,2,27,Bortala,Œ_Œ¡ÓŒÁÓ¾Üä,Œ_ö_ŒÁÓ¾Üä,65,Xinjiang,¾Ğ¡Ğ ,¾Ğ¡Ğ ,1065027
372,15,28,10,8,9,0,4,11,12,1,6,5,7,3,2,28,Bayannur League,Œá«Œ__¾áĞŒ¡ÓİÙ,Œá«Œ_´¾áĞö_İÙ,15,Inner Mongolia,Œ ÉÕªŒ_,ŒÉ¤ÕªŒ_,1015028
373,42,28,10,12,8,9,0,4,11,1,6,5,7,3,2,28,Enshi Tujia and Miao Autonomous Prefecture,¾©¾Ğ_ŒÏÙŒ¨¦¾ÑÜÑ¾Ñà»¾_ÈŒá_,¾©¾Ğ_ŒÏÙŒ¨¦¾ÑÜÑ¾Ñà»¾_ÈŒá_,42,Hubei,¾_ĞŒÎÑ,¾_ĞŒÎÑ,1042028
374,50,28,10,8,9,0,4,11,12,1,6,5,7,3,2,28,Liangping,¾¢Œ__Œ_À,¾¢Œ__ü£,50,Chongqing,àŒ¼ ,à¾É¦,1050028
375,53,28,10,4,8,9,0,11,12,1,6,5,7,3,2,28,Xishuangbanna,´ÀŒÎäö¼_,´Àİªäö«,53,Yunnan,Š¼ÔŒÑ,İ_ŒÑ,1053028
376,65,28,10,8,9,0,4,11,12,1,6,5,7,3,2,28,Bayingolin,Œá«Ù_Ä_¾´_,Œá«Ù_Ä_¾´_,65,Xinjiang,¾Ğ¡Ğ ,¾Ğ¡Ğ ,1065028
377,11,29,10,8,9,0,4,11,12,1,6,5,7,3,2,29,Yanqing,ŒÈ¦Œ¼ ,ŒÈ¦¾É¦,11,Beijing,ŒÎÑŠ¼Â,ŒÎÑŠ¼Â,1011029
378,15,29,9,10,8,0,4,11,12,1,6,5,7,3,2,29,Alashan,÷À¾ÜäŒĞãİÙ,÷À¾ÜäŒĞãİÙ,15,Inner Mongolia,Œ ÉÕªŒ_,ŒÉ¤ÕªŒ_,1015029
379,42,29,10,8,9,0,4,11,12,1,6,5,7,3,2,29,Bristol,ŠÈª¾ÁÄ,ŠÈª¾ÁÄ,42,Hubei,¾_ĞŒÎÑ,¾_ĞŒÎÑ,1042029
380,53,29,9,12,10,8,0,4,11,1,6,5,7,3,2,29,Dali,Œ_¤ ,Œ_¤ ,53,Yunnan,Š¼ÔŒÑ,İ_ŒÑ,1053029
381,62,29,10,9,8,0,4,11,12,1,6,5,7,3,2,29,Linxia,Šü«Œ_,à¬Œ_,62,Gansu,Ó÷âÄ,Ó÷âÉ,1062029
382,65,29,9,12,10,8,0,4,11,1,6,5,7,3,2,29,Aksu,÷ÀŒÉÜÜ,÷ÀŒÉÜ÷à,65,Xinjiang,¾Ğ¡Ğ ,¾Ğ¡Ğ ,1065029
383,31,30,0,1,4,6,10,11,8,9,12,5,7,3,2,30,Chongming District,Œ«à¾÷_ŒÎ¼,Œ«à¾÷_ŒÛ,31,Shanghai,Šü_¾µá,Šü_¾µá,1031030
384,42,30,11,10,8,9,0,4,12,1,6,5,7,3,2,30,Qianjiang,¾_Ï¾±Ù,¾_İ¾±Ù,42,Hubei,¾_ĞŒÎÑ,¾_ĞŒÎÑ,1042030
385,62,30,10,8,9,0,4,11,12,1,6,5,7,3,2,30,Gannan,Ó÷ŒÑ,Ó÷ŒÑ,62,Gansu,Ó÷âÄ,Ó÷âÉ,1062030
386,65,30,5,10,8,9,0,4,11,12,1,6,7,3,2,30,Kizilsu,ŒÉÜŒ_ÏŒÜÕÜ,ŒÉÜŒ_ÏŒÜÕ÷à,65,Xinjiang,¾Ğ¡Ğ ,¾Ğ¡Ğ ,1065030
387,42,31,9,12,10,8,0,4,11,1,6,5,7,3,2,31,Tianmen,Œ_©Ñ¬,Œ_©ĞÛ,42,Hubei,¾_ĞŒÎÑ,¾_ĞŒÎÑ,1042031
388,43,31,10,0,9,8,4,11,12,1,6,5,7,3,2,31,Tujia and Miao Autonomous Prefecture,¾_÷´ÀŒÏÙŒ¨¦¾ÑÜÑ¾Ñà»¾_ÈŒá_,¾_÷´ÀŒÏÙŒ¨¦¾ÑÜÑ¾Ñà»¾_ÈŒá_,43,Hunan,¾_ĞŒÑ,¾_ĞŒÑ,1043031
389,53,31,9,10,8,0,4,11,12,1,6,5,7,3,2,31,Dehong,Œ_áŒ¨,Œ_áŒ¨,53,Yunnan,Š¼ÔŒÑ,İ_ŒÑ,1053031
390,50,32,10,8,9,0,4,11,12,1,6,5,7,3,2,32,Wulong County,¾___ Œ_À,¾___ ü£,50,Chongqing,àŒ¼ ,à¾É¦,1050032
391,53,32,9,10,8,0,4,11,12,1,6,5,7,3,2,32,Lijiang,Šü_¾±Ù,¼Ñ¾±Ù,53,Yunnan,Š¼ÔŒÑ,İ_ŒÑ,1053032
392,50,33,10,8,9,0,4,11,12,1,6,5,7,3,2,33,Zhongxian,ŒÀÊŒ_À,ŒÀÊü£,50,Chongqing,àŒ¼ ,à¾É¦,1050033
393,51,34,10,0,8,9,4,11,12,1,6,5,7,3,2,34,Liangshan,ŒàäŒ±±,¾¦_Œ±±,51,Sichuan,ŒİİŒá,ŒİİŒá,1051034
394,50,35,10,8,9,0,4,11,12,1,6,5,7,3,2,35,Yunyang,Š¼Ô÷_Œ_À,İ_ª_ü£,50,Chongqing,àŒ¼ ,à¾É¦,1050035
395,50,36,8,10,9,0,4,11,12,1,6,5,7,3,2,36,Fengjie,Œ´ä_âŒ_À,Œ´äøÛü£,50,Chongqing,àŒ¼ ,à¾É¦,1050036
396,50,37,10,8,9,0,4,11,12,1,6,5,7,3,2,37,Wushan County,ŒáÇŒ±±Œ_À,ŒáÇŒ±±ü£,50,Chongqing,àŒ¼ ,à¾É¦,1050037
397,65,40,9,10,11,8,0,4,12,1,6,5,7,3,2,40,Ili,Š___,Š___,65,Xinjiang,¾Ğ¡Ğ ,¾Ğ¡Ğ ,1065040
398,50,41,9,10,8,0,4,11,12,1,6,5,7,3,2,41,Xiushan,¤ÛŒ±±ŒÏÙŒ¨¦¾ÑÜÑ¾Ñà»¾_ÈŒ_À,¤ÛŒ±±ŒÏÙŒ¨¦¾ÑÜÑ¾Ñà»¾_Èü£,50,Chongqing,àŒ¼ ,à¾É¦,1050041
399,65,42,10,8,9,0,4,11,12,1,6,5,7,3,2,42,Tacheng,ŒÁÓŒÙ_,ŒÁÓŒÙ_,65,Xinjiang,¾Ğ¡Ğ ,¾Ğ¡Ğ ,1065042
400,65,43,10,12,8,9,0,4,11,1,6,5,7,3,2,43,Altay,÷ÀŒÜÕ¾_¡,÷ÀŒÜÕ¾_¡,65,Xinjiang,¾Ğ¡Ğ ,¾Ğ¡Ğ ,1065043
401,65,44,9,10,8,0,4,11,12,1,6,5,7,3,2,44,Shihezi,Ù_¾__Œ_,Ù_¾__Œ_,65,Xinjiang,¾Ğ¡Ğ ,¾Ğ¡Ğ ,1065044
402,44,51,10,0,9,5,12,8,4,11,1,6,7,3,2,51,Chaozhou,¾_¨Œá_,¾_¨Œá_,44,Guangdong,Œ_ÀŠüÏ,ŒÈ£¾±,1044051
403,44,52,10,9,0,8,12,4,11,1,6,5,7,3,2,52,Jieyang,¾_÷_,¾_ª_,44,Guangdong,Œ_ÀŠüÏ,ŒÈ£¾±,1044052
404,44,53,10,6,8,9,0,4,11,12,1,5,7,3,2,53,Yunfu,Š¼Ô¾µ¨,İ_¾µ¨,44,Guangdong,Œ_ÀŠüÏ,ŒÈ£¾±,1044053
405,50,81,10,8,9,0,4,11,12,1,6,5,7,3,2,81,Jiangjin,¾±Ù¾«´ŒÎ¼,¾±Ù¾«´ŒÛ,50,Chongqing,àŒ¼ ,à¾É¦,1050081
406,50,82,9,10,8,0,4,11,12,1,6,5,7,3,2,82,Hechuan,ŒöŒáŒüâ,ŒöŒáŒüâ,50,Chongqing,àŒ¼ ,à¾É¦,1050082
407,50,83,10,8,9,0,4,11,12,1,6,5,7,3,2,83,Yongchuan,¾¡üŒáŒÎ¼,¾¡üŒáŒÛ,50,Chongqing,àŒ¼ ,à¾É¦,1050083
408,46,90,4,9,10,8,0,11,12,1,6,5,7,3,2,90,Other,ŒÉ¦ŠÈĞ,ŒÉ¦ŠÈĞ,46,Hainan,¾µáŒÑ,¾µáŒÑ,1046090